chainId,chain_name,shortName
1,Ethereum Mainnet,eth
56,BNB Smart Chain Mainnet,bsc
42161,Arbitrum One,arb
8453,Base,base
23888,Blast Testnet,blastT
81457,Blast,blastmainnet
43114,Avalanche C-Chain,avax
137,Polygon Mainnet,matic
59144,Linea,linea
10,OP Mainnet,op
25,Cronos Mainnet,cro
5000,Mantle,mnt
200901,Bitlayer Mainnet,btr
6001,BounceBit Mainnet,bb
100,Gnosis,xdai
369,PulseChain,pls
314,Filecoin - Mainnet,filecoin
2222,Kava,kava
30,Rootstock Mainnet,rsk
1116,Core Blockchain Mainnet,core
250,Fantom Opera,ftm
32659,Fusion Mainnet,fsn
42220,Celo Mainnet,celo
324,zkSync Mainnet,era
1088,Metis Andromeda Mainnet,metis-andromeda
169,Manta Pacific Mainnet,manta
592,Astar,astr
252,Fraxtal,frax
60808,BOB,bob
4689,IoTeX Network Mainnet,iotx
40,Telos EVM Mainnet,TelosEVM
1284,Moonbeam,mobm
14,Flare Mainnet,flr
1030,Conflux eSpace,cfx
1313161554,Aurora Mainnet,aurora
1101,Polygon zkEVM,zkevm
7700,Canto,canto
13371,Immutable zkEVM,imx
167000,Taiko Mainnet,tko-mainnet
88888,Chiliz Chain,chiliz
50,XDC Network,xdc
1975,ONUS Chain Mainnet,onus-mainnet
9790,Carbon EVM,carbon
1285,Moonriver,mriver
10000,Smart Bitcoin Cash,smartbch
66,OKXChain Mainnet,okt
82,Meter Mainnet,Meter
888888,Vision - Mainnet,vision
888,Wanchain,wan
20,Elastos Smart Chain,esc
32769,Zilliqa EVM,zil
288,Boba Network,Boba
7000,ZetaChain Mainnet,zetachain-mainnet
4337,Beam,beam
19,Songbird Canary-Network,sgb
2000,Dogechain Mainnet,dc
52,CoinEx Smart Chain Mainnet,cet
361,Theta Mainnet,theta-mainnet
122,Fuse Mainnet,fuse
1666600000,Harmony Mainnet Shard 0,hmy-s0
321,KCC Mainnet,kcs
17777,EOS EVM Network,eos
9001,Evmos,evmos
1231,Ultron Mainnet,ulx
128,Huobi ECO Chain Mainnet,heco
42170,Arbitrum Nova,arb-nova
245022934,Neon EVM Mainnet,neonevm-mainnet
248,Oasys Mainnet,OAS
106,Velas EVM Mainnet,vlx
2001,Milkomeda C1 Mainnet,milkAda
42262,Oasis Emerald,emerald
108,ThunderCore Mainnet,TT
1996,Sanko,Sanko
570,Rollux Mainnet,sys-rollux
7777777,Zora,zora
7225878,Saakuru Mainnet,saakuru
56288,Boba BNB Mainnet,BobaBnb
61,Ethereum Classic,etc
119,ENULS Mainnet,enuls
44,Crab Network,crab
246,Energy Web Chain,ewt
204,opBNB Mainnet,obnb
7171,Bitrock Mainnet,bitrock
5551,Nahmii 2 Mainnet,Nahmii
42793,Etherlink Mainnet,etlk
1234,Step Network,step
6969,Tomb Chain Mainnet,tombchain
16507,Genesys Mainnet,Genesys
71402,Godwoken Mainnet,gw-mainnet-v1
15551,LoopNetwork Mainnet,loop
24,KardiaChain Mainnet,kardiachain
311,Omax Mainnet,omax
7070,Planq Mainnet,planq
336,Shiden,sdn
8899,JIBCHAIN L1,jbc
57,Syscoin Mainnet,sys
47805,REI Network,REI
820,Callisto Mainnet,clo
269,High Performance Blockchain,hpb
60,GoChain,go
1729,Reya Network,reya
32520,Bitgert Mainnet,Brise
1559,Tenet,tenet
55555,REI Chain Mainnet,reichain
11297108109,Palm,palm
2,Expanse Network,exp
3,Ropsten,rop
4,Rinkeby,rin
5,Goerli,gor
7,ThaiChain,tch
8,Ubiq,ubq
9,Ubiq Network Testnet,tubq
11,Metadium Mainnet,meta
12,Metadium Testnet,kal
13,Diode Testnet Staging,dstg
15,Diode Prenet,diode
16,Songbird Testnet Coston,cflr
17,ThaiChain 2.0 ThaiFi,tfi
18,ThunderCore Testnet,TST
21,Elastos Smart Chain Testnet,esct
22,ELA-DID-Sidechain Mainnet,eladid
23,ELA-DID-Sidechain Testnet,eladidt
26,Genesis L1 testnet,L1test
27,ShibaChain,shib
29,Genesis L1,L1
31,Rootstock Testnet,trsk
32,GoodData Testnet,GooDT
33,GoodData Mainnet,GooD
34,SecureChain Mainnet,scai
35,TBWG Chain,tbwg
36,Dxchain Mainnet,dx
37,Xpla Mainnet,xpla
38,Valorbit,val
39,U2U Solaris Mainnet,u2u
41,Telos EVM Testnet,TelosEVMTestnet
42,LUKSO Mainnet,lukso
43,Darwinia Pangolin Testnet,pangolin
45,Darwinia Pangoro Testnet,pangoro
46,Darwinia Network,darwinia
47,Acria IntelliChain,aic
48,Ennothem Mainnet Proterozoic,etmp
49,Ennothem Testnet Pioneer,etmpTest
51,XDC Apothem Network,txdc
53,CoinEx Smart Chain Testnet,tcet
54,Openpiece Mainnet,OP
55,Zyx Mainnet,ZYX
58,Ontology Mainnet,OntologyMainnet
63,Mordor Testnet,metc
64,Ellaism,ellaism
65,OKExChain Testnet,tokt
67,DBChain Testnet,dbm
68,SoterOne Mainnet,SO1
69,Optimism Kovan,okov
70,Hoo Smart Chain,hsc
71,Conflux eSpace (Testnet),cfxtest
72,DxChain Testnet,dxc
73,FNCY,FNCY
74,IDChain Mainnet,idchain
75,Decimal Smart Chain Mainnet,DSC
76,Mix,mix
77,POA Network Sokol,spoa
78,PrimusChain mainnet,primuschain
79,Zenith Mainnet,zenith
80,GeneChain,GeneChain
81,Japan Open Chain Mainnet,joc
83,Meter Testnet,MeterTest
84,Linqto Devnet,linqto-devnet
85,GateChain Testnet,gttest
86,GateChain Mainnet,gt
87,Nova Network,nnw
88,Viction,vic
89,Viction Testnet,vict
90,Garizon Stage0,gar-s0
91,Garizon Stage1,gar-s1
92,Garizon Stage2,gar-s2
93,Garizon Stage3,gar-s3
94,SwissDLT,sdlt
95,CamDL Mainnet,camdl
96,Bitkub Chain,bkc
97,BNB Smart Chain Testnet,bnbt
98,Six Protocol,six
99,POA Network Core,poa
101,EtherInc,eti
102,Web3Games Testnet,tw3g
103,WorldLand Mainnet,WLC
104,Kaiba Lightning Chain Testnet,tklc
105,Web3Games Devnet,dw3g
107,Nebula Testnet,ntn
109,Shibarium,shibariumecosystem
110,Proton Testnet,xpr
111,EtherLite Chain,ETL
112,Coinbit Mainnet,coinbit
113,Dehvo,deh
114,Flare Testnet Coston2,c2flr
117,Uptick Mainnet,auptick
118,Arcology Testnet,arcology
120,ENULS Testnet,enulst
121,Realchain Mainnet,real
123,Fuse Sparknet,spark
124,Decentralized Web Mainnet,dwu
125,OYchain Testnet,OYchainTestnet
126,OYchain Mainnet,OYchainMainnet
127,Factory 127 Mainnet,feth
129,Innovator Chain,Innovator
131,Engram Testnet,tgram
132,Namefi Chain Mainnet,nfic
133,HashKey Chain Testnet,HSKT
134,iExec Sidechain,rlc
135,Alyx Chain Testnet,AlyxTestnet
136,Deamchain Mainnet,deam
138,Defi Oracle Meta Mainnet,dfio-meta-main
139,WoopChain Mainnet,woop
140,Eternal Mainnet,Eter
141,Openpiece Testnet,OPtest
142,DAX CHAIN,dax
144,PHI Network v2,PHI
145,SoraAI Testnet,SETH
147,Flag Mainnet,FLAG
148,ShimmerEVM,shimmerevm
150,Six Protocol Testnet,sixt
151,Redbelly Network Mainnet,rbn
152,Redbelly Network Devnet,rbn-devnet
153,Redbelly Network Testnet,rbn-testnet
154,Redbelly Network TGE,rbn-tge
155,Tenet Testnet,tenet-testnet
156,OEBlock Testnet,obe
157,Puppynet Shibarium,puppynet
158,Roburna Mainnet,rba
159,Roburna Testnet,rbat
160,Armonia Eva Chain Mainnet,eva
161,Armonia Eva Chain Testnet,wall-e
162,Lightstreams Testnet,tpht
163,Lightstreams Mainnet,pht
164,Omni Omega,omni_omega
166,Omni,omni
167,Atoshi Testnet,atoshi
168,AIOZ Network,aioz
170,HOO Smart Chain Testnet,hoosmartchain
172,Latam-Blockchain Resil Testnet,resil
176,DC Mainnet,dcchain
178,ABEY Testnet,abeyt
179,ABEY Mainnet,abey
180,AME Chain Mainnet,ame
181,Waterfall Network,water
184,Dojima Testnet,dojtestnet
185,Mint Mainnet,mint
186,Seele Mainnet,Seele
187,Dojima,dojima
188,BMC Mainnet,BMC
189,BMC Testnet,BMCT
190,CMDAO BBQ Chain,cmdao-bbq-chain
191,FileFileGo,ffg
193,Crypto Emergency,cem
195,X Layer Testnet,tokb
196,X Layer Mainnet,okb
197,Neutrinos TestNet,NEUTR
198,Bitchain Mainnet,bit
199,BitTorrent Chain Mainnet,BTT
200,Arbitrum on xDai,aox
201,MOAC testnet,moactest
202,Edgeless Testnet,edgeless-testnet
206,VinuChain Testnet,VCTEST
207,VinuChain Network,VC
208,Structx Mainnet,utx
210,Bitnet,BTN
211,Freight Trust Network,EDI
212,MAPO Makalu,makalu
213,B2 Hub Mainnet,B2Hub-mainnet
214,Shinarium Mainnet,shinarium
217,SiriusNet V2,SIN2
220,Scalind Testnet,sepscal
221,BlockEx Mainnet,BlockEx
223,B2 Mainnet,b2
224,Viridis Testnet,VRD-Testnet
225,LACHAIN Mainnet,LA
226,LACHAIN Testnet,TLA
228,Mind Network Mainnet,fhe
230,SwapDEX,SDX
234,ProtoJumbo Testnet,ProtoJumbo
236,Deamchain Testnet,deamtest
238,Blast Mainnet,blast
242,Plinga Mainnet,plgchain
254,Swan Chain Mainnet,Swan
255,Kroma,kroma
256,Huobi ECO Chain Testnet,hecot
258,Setheum,setm
259,Neonlink Mainnet,neon
261,Guru Network Testnet,tguru
262,SUR Blockchain Network,SUR
266,Neura,neura
267,Neura Testnet,tneura
268,Neura Devnet,dneura
271,EgonCoin Mainnet,EGONm
274,LaChain,lachain
278,xFair.AI Mainnet,fai
279,BPX Blockchain,bpx
282,Cronos zkEVM Testnet,zkTCRO
291,Orderly Mainnet,orderly
295,Hedera Mainnet,hedera-mainnet
296,Hedera Testnet,hedera-testnet
297,Hedera Previewnet,hedera-previewnet
298,Hedera Localnet,hedera-localnet
300,zkSync Sepolia Testnet,zksync-sepolia
302,zkCandy Sepolia Testnet,zkcandy-sepolia
303,Neurochain Testnet,ncnt
305,ZKSats Mainnet,ZKSats-Mainnet
307,Lovely Network Testnet,LOVELY-Testnet
308,Furtheon,furtheon
309,Wyzth Testnet,wyz
313,Neurochain Mainnet,ncn
322,KCC Testnet,kcst
323,Cosvm Mainnet,cvm
325,GRVT Mainnet,grvt
326,GRVT Sepolia Testnet,grvt-sepolia
333,Web3Q Mainnet,w3q
335,DFK Chain Test,DFKTEST
338,Cronos Testnet,tcro
345,TSC Mainnet,TSC
360,Shape,shape
363,Theta Sapphire Testnet,theta-sapphire
364,Theta Amber Testnet,theta-amber
365,Theta Testnet,theta-testnet
371,Consta Testnet,tCNT
380,ZKAmoeba Testnet,zkamoeba-test
381,ZKAmoeba Mainnet,zkamoeba
385,Lisinski,lisinski
388,Cronos zkEVM Mainnet,zkCRO
395,CamDL Testnet,camdl-testnet
397,Near Mainnet,near
398,Near Testnet,near-testnet
399,Nativ3 Mainnet,N3
400,HyperonChain TestNet,hpn
401,Ozone Chain Testnet,ozo_tst
404,Syndr L3,syndr-l3
411,Pepe Chain Mainnet,pepe
416,SX Network Mainnet,SX
418,LaTestnet,latestnet
420,Optimism Goerli Testnet,ogor
422,Viridis Mainnet,vrd
424,PGN (Public Goods Network),PGN
427,Zeeth Chain,zeeth
428,Geso Verse,GSV
434,Boyaa Mainnet,BYC
443,Ten Testnet,ten-testnet
444,Synapse Chain Testnet,synapse-sepolia
456,ARZIO Chain,arzio
462,Areon Network Testnet,tarea
463,Areon Network Mainnet,area
480,World Chain,wc
499,Rupaya,rupx
500,Camino C-Chain,Camino
501,Columbus Test Network,Columbus
510,Syndicate Chain,syndicate-chain-mainnet
512,Double-A Chain Mainnet,aac
513,Double-A Chain Testnet,aact
516,Gear Zero Network Mainnet,gz-mainnet
520,XT Smart Chain Mainnet,xt
529,Firechain Mainnet,fire
530,F(x)Core Mainnet Network,FxCore
534,Candle,CNDL
537,OpTrust Mainnet,optrust
542,PAWCHAIN Testnet,PAW
545,Testnet,flow-testnet
555,Vela1 Chain Mainnet,CLASS
558,Tao Network,tao
568,Dogechain Testnet,dct
571,MetaChain Mainnet,metatime
579,Filenova Mainnet,filenova
595,Acala Mandala Testnet TC9,maca
596,Karura Network Testnet,tkar
597,Acala Network Testnet,taca
600,Meshnyan testnet,mesh-chain-testnet
601,Vine Testnet,VINE
610,Darwin Devnet,darwin-devnet
612,EIOB Mainnet,eiob
614,Graphlinq Blockchain Mainnet,glq
624,Binary Mainnet,thebinaryholdings-mainnet
625,Binary Sepolia,thebinaryholdings-sepolia
634,Avocado,avocado
646,Previewnet,flow-previewnet
647,SX Network Testnet,SX-Testnet
648,Endurance Smart Chain Mainnet,ace
653,Kalichain Testnet,kalichain
654,Kalichain,kalichainMainnet
662,UltronSmartchain,ultronsmartchain
666,Pixie Chain Testnet,pixie-chain-testnet
667,LAOS Arrakis,laos
668,JuncaChain,junca
669,JuncaChain testnet,juncat
686,Karura Network,kar
690,Redstone,redstone
700,Star Social Testnet,SNS
701,Darwinia Koi Testnet,darwinia-koi
707,BlockChain Station Mainnet,bcs
708,BlockChain Station Testnet,tbcs
710,Highbury,fury
713,Vrcscan Mainnet,vrc
719,Shibarium Beta,shibarium
721,Lycan Chain,LYC
727,Blucrates,blu
730,Lovely Network Mainnet,LOVELY
741,Vention Smart Chain Testnet,vsct
742,Script Testnet,SPAY
747,Mainnet,flow-mainnet
766,QL1,qom
776,OpenChain Testnet,opc
777,cheapETH,cth
786,MAAL Chain,maal
787,Acala Network,aca
788,Aerochain Testnet,taero
789,Patex,peth
799,Rupaya Testnet,RupayaTestnet
800,Lucid Blockchain,LUCID
803,Haic,haic
808,Portal Fantasy Chain Test,PFTEST
810,Haven1 Testnet,h1
813,Qitmeer Network Mainnet,meer
814,Firechain zkEVM,firechan-zkEVM
818,BeOne Chain Mainnet,BOC
822,Runic Chain Testnet,runic-testnet
831,CheckDot Blockchain Devnet,cdt
841,Taraxa Mainnet,tara
842,Taraxa Testnet,taratest
852,HongKong Mainnet,HongKong
859,Zeeth Chain Dev,zeethdev
868,Fantasia Chain Mainnet,FSCMainnet
876,Bandai Namco Research Verse Mainnet,BNKEN
877,Dexit Network,DXT
880,Ambros Chain Mainnet,ambros
898,MAXI Chain Testnet,maxi-testnet
899,MAXI Chain Mainnet,maxi-mainnet
900,Garizon Testnet Stage0,gar-test-s0
901,Garizon Testnet Stage1,gar-test-s1
902,Garizon Testnet Stage2,gar-test-s2
903,Garizon Testnet Stage3,gar-test-s3
909,Portal Fantasy Chain,PF
910,DecentraBone Layer1 Testnet,DBONE
911,TAPROOT Mainnet,TAPROOT-Mainnet
917,Rinia Testnet,tfire
919,Mode Testnet,modesep
927,Yidark Chain Mainnet,ydk
943,PulseChain Testnet v4,t4pls
956,muNode Testnet,munode
957,Lyra Chain,lyra
963,BTC20 Smart Chain,btc20
969,EthXY,sexy
970,Oort Mainnet,ccn
971,Oort Huygens,Huygens
972,Oort Ascraeus,Ascraeus
977,Nepal Blockchain Network,yeti
979,EthXY Testnet,sexyTestnet
980,TOP Mainnet EVM,top_evm
985,Memo Smart Chain Mainnet,memochain
987,BinaryChain Mainnet,binary
989,TOP Mainnet,top
990,eLiberty Mainnet,ELm
995,5ireChain Mainnet,5ire
997,5ireChain Thunder,T5ire
998,Lucky Network,ln
999,Wanchain Testnet,twan
1000,GTON Mainnet,gton
1001,Kaia Testnet Kairos,kaia-kairos
1003,Tectum Emission Token,tet
1004,T-EKTA,t-ekta
1007,Newton Testnet,tnew
1008,Eurus Mainnet,eun
1009,Jumbochain Mainnet,Jumboscan
1010,Evrice Network,EVC
1011,Rebus Mainnet,rebus
1012,Newton,new
1022,Sakura,sku
1023,Clover Testnet,tclv
1024,CLV Parachain,clv
1028,BitTorrent Chain Testnet,tbtt
1031,Proxy Network Testnet,prx
1038,Bronos Testnet,bronos-testnet
1039,Bronos Mainnet,bronos-mainnet
1073,ShimmerEVM Testnet,shimmerevm-testnet
1075,IOTA EVM Testnet,iotaevm-testnet
1079,Mintara Testnet,mintara-testnet
1080,Mintara Mainnet,mintara
1089,Humans.ai Mainnet,humans
1099,MOAC mainnet,moac
1100,Dymension,dymension
1107,BLXq Testnet,tblxq
1108,BLXq Mainnet,blxq
1111,WEMIX3.0 Mainnet,wemix
1112,WEMIX3.0 Testnet,twemix
1113,B2 Hub Testnet,B2Hub-testnet
1115,Core Blockchain Testnet,tcore
1117,Dogcoin Mainnet,DOGSm
1123,B2 Testnet,B2-testnet
1130,DeFiChain EVM Network Mainnet,DFI
1131,DeFiChain EVM Network Testnet,DFI-T
1133,DeFiMetaChain Changi Testnet,changi
1135,Lisk,lisk
1138,AmStar Testnet,ASARt
1139,MathChain,MATH
1140,MathChain Testnet,tMATH
1147,Flag Testnet,tFLAG
1149,Symplexia Smart Chain,Plexchain
1170,Origin Testnet,auoc
1177,Smart Host Teknoloji TESTNET,sht
1188,ClubMos Mainnet,MOS
1197,Iora Chain,iora
1200,Cuckoo Chain,cai
1201,Evanesco Testnet,avis
1202,World Trade Technical Chain Mainnet,wtt
1209,SaitaBlockChain(SBC),SBC
1210,Cuckoo Sepolia,caisepolia
1213,Popcateum Mainnet,popcat
1214,EnterChain Mainnet,enter
1221,Cycle Network Testnet,Cycle
1223,Cycle Network Testnet Jellyfish,cyclej
1225,Hybrid Testnet,hyb
1227,Bitcoin Protocol Testnet,BTCP
1229,Exzo Network Mainnet,xzo
1230,Ultron Testnet,UltronTestnet
1235,ITX Mainnet,itx
1243,ARC Mainnet,ARC
1244,ARC Testnet,TARC
1246,OM Platform Mainnet,om
1248,Dogether Mainnet,Dogether
1252,CIC Chain Testnet,CICT
1280,HALO Mainnet,HO
1287,Moonbase Alpha,mbase
1288,Moonrock,mrock
1291,Swisstronik Testnet,swtr
1311,Dos Fuji Subnet,TDOS
1313,JaiHo Chain,JHC
1314,Alyx Mainnet,alyx
1319,AIA Mainnet,aia
1320,AIA Testnet,aiatestnet
1328,Sei Testnet,sei-testnet
1329,Sei Network,sei
1337,Geth Testnet,geth
1338,Elysium Testnet,ELST
1339,Elysium Mainnet,ELSM
1343,Blitz Subnet,blitz
1353,CIC Chain Mainnet,CIC
1369,Zafirium Mainnet,zafic
1370,Ramestta Mainnet,RAMA
1377,Pingaksha testnet,tRAMA
1379,Kalar Chain,KLC
1388,AmStar Mainnet,ASAR
1392,Joseon Mainnet,mun
1414,Silicon zkEVM Sepolia Testnet,silicon-sepolia-testnet
1433,Rikeza Network Mainnet,RIK
1440,Living Assets Mainnet,LAS
1442,Polygon zkEVM Testnet,testnet-zkEVM-mango
1452,GIL Testnet,gil
1453,MetaChain Istanbul,metatimeistanbul
1455,Ctex Scan Blockchain,CTEX
1456,ZKBase Mainnet,zkbase
1490,Vitruveo Mainnet,vitruveo
1499,iDos Games Chain Testnet,IGC
1501,BEVM Canary,chainx
1506,Sherpax Mainnet,Sherpax
1507,Sherpax Testnet,SherpaxTestnet
1515,Beagle Messaging Chain,beagle
1570,StarCHAIN Testnet,starchain-testnet
1578,StarCHAIN,starchain
1617,Ethereum Inscription Mainnet,etins
1618,Catecoin Chain Mainnet,cate
1620,Atheios,ath
1625,Gravity Alpha Mainnet,gravity
1648,Pivotal Mainnet,pivotal-mainnet
1657,Btachain,bta
1662,Liquichain,Liquichain
1663,Horizen Gobi Testnet,Gobi
1686,Mint Testnet,minttest
1687,Mint Sepolia Testnet,mintsepoliatest
1688,LUDAN Mainnet,LUDAN
1701,Anytype EVM Chain,AnytypeChain
1707,TBSI Mainnet,TBSI
1708,TBSI Testnet,tTBSI
1717,Doric Network,DRC
1718,Palette Chain Mainnet,PCM
1740,Metal L2 Testnet,metall2-testnet
1750,Metal L2,metall2
1773,PartyChain,TeaParty
1777,Gauss Mainnet,gauss
1789,ZKBase Sepolia Testnet,zkbase-sepolia
1804,Kerleano,kerleano
1807,Rabbit Analog Testnet Chain,rAna
1811,Lif3 Chain Testnet,lif3-testnet
1818,Cube Chain Mainnet,cube
1819,Cube Chain Testnet,cubet
1821,Ruby Smart Chain MAINNET,RUBY
1856,Teslafunds,tsf
1875,Whitechain,wbt
1881,Gitshock Cartenz Testnet,gitshockchain
1890,Lightlink Phoenix Mainnet,lightlink_phoenix
1891,Lightlink Pegasus Testnet,lightlink_pegasus
1898,BON Network,boya
1899,ReDeFi Layer 2,red
1904,Sports Chain Network,SCN
1907,Bitcichain Mainnet,bitci
1908,Bitcichain Testnet,tbitci
1909,Merkle Scan,MRK
1911,Scalind,scal
1912,Ruby Smart Chain Testnet,tRUBY
1918,UPB CRESCDI Testnet,UPBEth
1945,ONUS Chain Testnet,onus-testnet
1951,D-Chain Mainnet,dchain-mainnet
1953,Selendra Network Testnet,tSEL
1954,Dexilla Testnet,Dexilla
1956,AIW3 Testnet,AIW3-Testnet
1961,Selendra Network Mainnet,SEL
1967,Eleanor,mtc
1969,Super Smart Chain Testnet,tscs
1970,Super Smart Chain Mainnet,scs
1971,Atelier,atlr
1972,RedeCoin,rede
1984,Eurus Testnet,euntest
1985,SatoshIE,satoshie
1986,SatoshIE Testnet,satoshie_testnet
1987,EtherGem,egem
1992,Hubble Exchange,hubblenet
1993,B3 Sepolia Testnet,b3-sepolia
1994,Ekta,ekta
1995,edeXa Testnet,edx
1997,Kyoto,kyoto
1998,Kyoto Testnet,kyoto-testnet
2002,Milkomeda A1 Mainnet,milkALGO
2004,MetaLink Network,mtl
2008,CloudWalk Testnet,cloudwalk_testnet
2009,CloudWalk Mainnet,cloudwalk_mainnet
2013,Panarchy,panarchy
2014,NOW Chain Testnet,now
2016,MainnetZ Mainnet,netz
2017,Adiri,tel
2018,PublicMint Devnet,pmint_dev
2019,PublicMint Testnet,pmint_test
2021,Edgeware EdgeEVM Mainnet,edg
2022,Beresheet BereEVM Testnet,edgt
2023,Taycan Testnet,taycan-testnet
2024,Swan Saturn Testnet,saturn
2025,Rangers Protocol Mainnet,rpg
2026,Edgeless Network,edgeless
2031,Centrifuge,cfg
2032,Catalyst,ncfg
2035,Phala Network,pha
2037,Kiwi Subnet,kiwi
2038,Shrapnel Testnet,shraptest
2039,Aleph Zero Testnet,aleph
2040,Vanar Mainnet,Vanar
2043,NeuroWeb,NEURO
2044,Shrapnel Subnet,Shrapnel
2045,AIW3 Mainnet,AIW3
2047,Stratos Testnet,stos-testnet
2048,Stratos,stos-mainnet
2049,Movo Smart Chain Mainnet,movo
2077,Quokkacoin Mainnet,QKA
2088,Altair,air
2100,Ecoball Mainnet,eco
2101,Ecoball Testnet Espuma,esp
2109,Exosama Network,exn
2112,UCHAIN Mainnet,uchain
2121,Catena Mainnet,cmcx
2122,Metaplayerone Mainnet,Metad
2124,Metaplayerone Dubai Testnet,MEU
2136,BigShortBets Testnet,bigsb_testnet
2137,BigShortBets,bigsb
2138,Defi Oracle Meta Testnet,dfio-meta-test
2140,Oneness Network,oneness
2141,Oneness TestNet,oneness-testnet
2151,BOSagora Mainnet,boa
2152,Findora Mainnet,fra
2153,Findora Testnet,findora-testnet
2154,Findora Forge,findora-forge
2162,Animechain Testnet,animechaint
2199,Moonsama Network,msn
2202,Antofy Mainnet,ABNm
2203,Bitcoin EVM,BTC
2213,Evanesco Mainnet,evanesco
2221,Kava Testnet,tkava
2223,VChain Mainnet,VChain
2241,Krest Network,KRST
2300,BOMB Chain,bomb
2306,Ebro Network,ebro
2309,Arevia,arevia
2311,Chronicle Vesuvius - Lit Protocol Testnet,lpv
2323,SOMA Network Testnet,sma
2330,Altcoinchain,alt
2331,RSS3 VSL Sepolia Testnet,rss3-testnet
2332,SOMA Network Mainnet,smam
2340,Atleta Olympia,atla
2342,Omnia Chain,omnia
2355,Silicon zkEVM,silicon-zk
2358,Kroma Sepolia,kroma-sepolia
2370,Nexis Network Testnet,nzt
2399,BOMB Chain Testnet,bombt
2400,TCG Verse Mainnet,TCGV
2410,Karak Mainnet,karak
2415,XODEX,xodex
2425,King Of Legends Mainnet,kcc
2442,Polygon zkEVM Cardona Testnet,zkevm-testnet-cardona
2458,Hybrid Chain Network Testnet,thrc
2468,Hybrid Chain Network Mainnet,hrc
2484,Unicorn Ultra Nebulas Testnet,u2u_nebulas
2522,Fraxtal Testnet,fraxtal-testnet
2525,inEVM Mainnet,inevm
2559,Kortho Mainnet,ktoc
2569,TechPay Mainnet,tpc
2606,PoCRNet,pocrnet
2611,Redlight Chain Mainnet,REDLC
2612,EZChain C-Chain Mainnet,EZChain
2613,EZChain C-Chain Testnet,Fuji-EZChain
2625,Whitechain Testnet,twbt
2648,AILayer Testnet,ailayer-testnet
2649,AILayer Mainnet,ailayer-mainnet
2662,APEX,apexmainnet
2710,Morph Testnet,tmorph
2718,K-LAOS,k-laos
2730,XR Sepolia,txr
2731,Elizabeth Testnet,TIME
2748,Nanon,Nanon
2777,GM Network Mainnet,gmnetwork-mainnet
2810,Morph Holesky,hmorph
2882,Chips Network,chips
2907,Elux Chain,ELUX
2911,HYCHAIN,hychain
2941,Xenon Chain Testnet,xenon
2999,BitYuan Mainnet,bty
3000,CENNZnet Rata,cennz-r
3001,CENNZnet Nikau,cennz-n
3003,Canxium Mainnet,cau
3011,PLAYA3ULL GAMES,3ULL
3031,Orlando Chain,ORL
3033,Rebus Testnet,rebus-testnet
3068,Bifrost Mainnet,bfc
3073,Movement EVM,move
3084,XL Network Testnet,nysl
3100,Immu3 EVM,Immu3
3102,Vulture EVM Beta,VFI
3110,SatoshiVM Testnet,tSAVM
3269,Dubxcoin network,dubx
3270,Dubxcoin testnet,testdubx
3306,Debounce Subnet Testnet,debounce-devnet
3331,ZCore Testnet,zcrbeach
3333,EthStorage Testnet,es-t
3334,Web3Q Galileo,w3q-g
3335,EthStorage Mainnet,es-m
3338,peaq,PEAQ
3400,Paribu Net Mainnet,prb
3424,EVOLVE Mainnet,EVOm
3434,SecureChain Testnet,SCAIt
3456,LayerEdge testnet,LayerEdge-testnet
3490,GTCSCAN,gtc
3500,Paribu Net Testnet,prbtestnet
3501,JFIN Chain,JFIN
3601,PandoProject Mainnet,pando-mainnet
3602,PandoProject Testnet,pando-testnet
3630,Tycooncoin,TYCON
3636,Botanix Testnet,BTNX
3637,Botanix Mainnet,BTCm
3639,iChain Network,ISLAMI
3645,iChain Testnet,ISLAMIT
3666,Jouleverse Mainnet,jouleverse
3690,Bittex Mainnet,btx
3693,Empire Network,empire
3698,SenjePowers Testnet,SPCt
3699,SenjePowers Mainnet,SPCm
3737,Crossbell,csb
3776,Astar zkEVM,astrzk
3797,AlveyChain Mainnet,alv
3799,Tangle Testnet,tTangle
3885,Firechain zkEVM Ghostrider,firechain-zkEVM-testnet
3888,KalyChain Mainnet,kalymainnet
3889,KalyChain Testnet,kalytestnet
3912,DRAC Network,drac
3939,DOS Tesnet,dost
3966,DYNO Mainnet,dyno
3967,DYNO Testnet,tdyno
3993,APEX Testnet,apexsep
3999,YuanChain Mainnet,ycc
4000,Ozone Chain Mainnet,ozo
4001,Peperium Chain Testnet,PERIUM
4002,Fantom Testnet,tftm
4003,X1 Fastnet,x1-fastnet
4040,Carbonium Testnet Network,tcbr
4048,GAN Testnet,GANTestnet
4058,Bahamut ocean,ocean
4061,Nahmii 3 Mainnet,Nahmii3Mainnet
4062,Nahmii 3 Testnet,Nahmii3Testnet
4078,Muster Mainnet,muster
4080,Tobe Chain,tbc
4090,Fastex Chain (Bahamut) Oasis Testnet,Oasis
4096,Bitindi Testnet,BNIt
4099,Bitindi Mainnet,BNIm
4102,AIOZ Network Testnet,aioz-testnet
4139,Humans.ai Testnet,humans_testnet
4141,Tipboxcoin Testnet,TPBXt
4157,CrossFi Testnet,crossfi-testnet
4162,SX Rollup,SXR
4181,PHI Network V1,PHIv1
4200,Merlin Mainnet,merlin
4201,LUKSO Testnet,lukso-testnet
4202,Lisk Sepolia Testnet,lisksep
4242,Nexi Mainnet,nexi
4243,Nexi V2 Mainnet,NexiV2
4400,Credit Smart Chain Mainnet,CreditEdge
4444,Htmlcoin Mainnet,html
4460,Orderly Sepolia Testnet,orderlyl2
4488,Hydra Chain,HYDRA
4544,Emoney Network Testnet,emoney
4613,VERY Mainnet,very
4653,Gold Chain,gold
4690,IoTeX Network Testnet,iotex-testnet
4759,MEVerse Chain Testnet,TESTMEV
4777,BlackFort Exchange Network Testnet,TBXN
4801,World Chain Sepolia Testnet,wcsep
4893,Globel Chain,GC
4918,Venidium Testnet,txvm
4919,Venidium Mainnet,xvm
4999,BlackFort Exchange Network,BXN
5001,Mantle Testnet,mantle-testnet
5002,Treasurenet Mainnet Alpha,treasurenet
5003,Mantle Sepolia Testnet,mnt-sep
5005,Treasurenet Testnet,tntest
5039,ONIGIRI Test Subnet,onigiritest
5040,ONIGIRI Subnet,onigiri
5051,Nollie Skatechain Testnet,nollie-testnet
5100,Syndicate Testnet,syndicate-chain-testnet
5101,Syndicate Frame Chain,syndicate-chain-frame
5102,SIC Testnet,sic-testnet
5103,Coordinape Testnet,coordinape-testnet
5104,Charmverse Testnet,charmverse-testnet
5105,Superloyalty Testnet,superloyalty-testnet
5106,Azra Testnet,azra-testnet
5112,Ham,ham
5165,Bahamut,ftn
5169,Smart Layer Network,SLN
5177,TLChain Network Mainnet,tlc
5197,EraSwap Mainnet,es
5234,Humanode Mainnet,hmnd
5315,Uzmi Network Mainnet,UZMI
5317,OpTrust Testnet,toptrust
5321,ITX Testnet,itx-testnet
5333,Netsbo,nets
5353,Tritanium Testnet,ttrn
5372,Settlus Testnet,settlus-testnet
5424,edeXa Mainnet,edeXa
5439,Egochain,egax
5522,VEX EVM TESTNET,VEX
5555,Chain Verse Mainnet,cverse
5611,opBNB Testnet,obnbt
5615,Arcturus Testneet,arcturus-testnet
5616,Arcturus Chain Testnet,ARCT
5656,QIE Blockchain,QIE
5675,Filenova Testnet,tfilenova
5678,Tanssi Demo,tango
5700,Syscoin Tanenbaum Testnet,tsys
5729,Hika Network Testnet,hik
5758,SatoshiChain Testnet,satst
5777,Ganache,ggui
5845,Tangle,tangle
5851,Ontology Testnet,OntologyTestnet
5869,Wegochain Rubidium Mainnet,rbd
6000,BounceBit Testnet,bouncebit-testnet
6065,Tres Testnet,TRESTEST
6066,Tres Mainnet,TRESMAIN
6102,Cascadia Testnet,cascadia
6118,UPTN Testnet,UPTN-TEST
6119,UPTN,UPTN
6283,LAOS,laosnetwork
6321,Aura Euphoria Testnet,eaura
6322,Aura Mainnet,aura
6363,Digit Soul Smart Chain,DGS
6398,Connext Sepolia,connext-sepolia
6502,Peerpay,Peerpay
6550,Flamma Testnet,FlammaTestnet
6552,Scolcoin WeiChain Testnet,SRC-test
6565,Fox Testnet Network,fox
6626,Pixie Chain Mainnet,pixie-chain
6660,Latest Chain Testnet,LATESTt
6661,Cybria Mainnet,cyba
6666,Cybria Testnet,tcyba
6678,EdgaMatrix Chain,EMC
6688,IRIShub,iris
6699,OX Chain,ox-chain
6701,PAXB Mainnet,PAXB
6779,Compverse Mainnet,compverse
6789,Gold Smart Chain Mainnet,STANDm
6805,RACE Mainnet,raceeth
6806,RACE Testnet,racesep
6868,Pools Mainnet,POOLS
6999,PolySmartChain,psc
7001,ZetaChain Testnet,zetachain-testnet
7007,BST Chain,BSTC
7027,Ella the heart,ELLA
7077,Planq Atlas Testnet,planq-atlas-testnet
7100,Nume,nume
7118,Help The Homeless,hth
7244,ZEUS Testnet,ZEUS-Testnet
7300,XPLA Verse,XPLAVERSE
7331,KLYNTAR,kly
7332,Horizen EON Mainnet,EON
7341,Shyft Mainnet,shyft
7484,Raba Network Mainnet,raba
7518,MEVerse Chain Mainnet,MEV
7560,Cyber Mainnet,cyeth
7575,ADIL Testnet,tadil
7576,Adil Chain V2 Mainnet,adil
7668,The Root Network - Mainnet,trn-mainnet
7672,The Root Network - Porcini Testnet,trn-porcini
7701,Canto Tesnet,TestnetCanto
7771,Bitrock Testnet,tbitrock
7774,GDCC MAINNET,GdccMainnet
7775,GDCC TESTNET,GDCC
7776,PandaSea Mainnet,pandaSea-mainnet
7777,Rise of the Warbots Testnet,RiseOfTheWarbotsTestnet
7778,Orenium Mainnet Protocol,ore
7798,OpenEX LONG Testnet,oex
7860,MaalChain Testnet,maal-test
7862,MaalChain V2,maal-v2
7863,MaalChain Testnet V2,maal-test-v2
7878,Hazlor Testnet,tscas
7887,Kinto Mainnet,kintoMainnet
7895,ARDENIUM Athena,ard
7923,Dot Blox,DTBX
7924,MO Mainnet,MO
7979,DOS Chain,dos
8000,Teleport,teleport
8001,Teleport Testnet,teleport-testnet
8008,Polynomial,polynomial
8029,MDGL Testnet,mdgl
8047,BOAT Mainnet,boat
8054,Karak Sepolia,karak-sepolia
8080,Shardeum Liberty 1.X,Liberty10
8081,Shardeum Liberty 2.X,Liberty20
8082,Shardeum Sphinx 1.X,Sphinx10
8086,Bitcoin Chain,Bitcoin
8087,E-Dollar,E-Dollar
8098,StreamuX Blockchain,StreamuX
8131,Qitmeer Network Testnet,meertest
8132,Qitmeer Network Mixnet,meermix
8133,Qitmeer Network Privnet,meerpriv
8134,Amana,amana
8135,Flana,flana
8136,Mizana,mizana
8181,Testnet BeOne Chain,tBOC
8192,Torus Mainnet,tqf
8194,Torus Testnet,ttqf
8217,Kaia Mainnet,kaia-mainnet
8227,Space Subnet,space
8272,Blockton Blockchain,BTON
8285,KorthoTest,Kortho
8329,Lorenzo,lrz
8333,B3,b3
8387,Dracones Financial Services,fuck
8545,Chakra Testnet,ChakraTN
8654,Toki Network,toki
8655,Toki Testnet,toki-testnet
8668,Hela Official Runtime Mainnet,hela
8723,TOOL Global Mainnet,olo
8724,TOOL Global Testnet,tolo
8726,Storagechain Mainnet,stor
8727,Storagechain Testnet,tstor
8732,Bullions Smart Chain,bln
8738,Alph Network,alph
8768,TMY Chain,tmy
8822,IOTA EVM,iotaevm
8844,Hydra Chain Testnet,THYDRA
8848,MARO Blockchain Mainnet,maro
8866,SuperLumio,superlumio
8869,Lif3 Chain,lif3-mainnet
8880,Unique,unq
8881,Quartz by Unique,qtz
8882,Opal testnet by Unique,opl
8883,Sapphire by Unique,sph
8886,Avenium Testnet,tave
8888,XANAChain,XANAChain
8889,Vyvo Smart Chain,vsc
8890,Orenium Testnet Protocol,tore
8898,Mammoth Mainnet,mmt
8911,Algen,alg
8912,Algen Testnet,algTest
8921,Algen Layer2,algl2
8922,Algen Layer2 Testnet,algl2Test
8989,Giant Mammoth Mainnet,gmmt
8995,bloxberg,berg
9000,Evmos Testnet,evmos-testnet
9007,Shido Testnet Block,ShidoTestnet
9008,Shido Mainnet Block,Shido
9012,BerylBit Mainnet,brb
9024,Nexa Testnet Block,NexaTestnet
9025,Nexa Mainnet Block,Nexa
9100,Genesis Coin,GENEC
9223,Codefin Mainnet,COF
9339,Dogcoin Testnet,DOGSt
9372,Oasys Testnet,OAS_TEST
9393,Dela Sepolia Testnet,delasep
9395,Evoke Mainnet,MTHN
9496,WeaveVM Testnet,twvm
9527,Rangers Protocol Testnet Robin,trpg
9528,QEasyWeb3 Testnet,QETTest
9559,Neonlink Testnet,testneon
9700,Oort MainnetDev,MainnetDev
9728,Boba BNB Testnet,BobaBnbTestnet
9768,MainnetZ Testnet,NetZt
9779,PepeNetwork Mainnet,pn
9789,Tabi Testnet,tabitest
9792,Carbon EVM Testnet,carbon-testnet
9797,OptimusZ7 Mainnet,OZ7m
9818,IMPERIUM TESTNET,tIMP
9819,IMPERIUM MAINNET,IMP
9876,BinaryChain Testnet,binarytestnet
9888,Dogelayer Mainnet,Dogelayer
9898,Larissa Chain,lrs
9911,Espento Mainnet,spent
9977,Mind Smart Chain Testnet,tMIND
9980,Combo Mainnet,combo-mainnet
9981,Volley Mainnet,volley-mainnet
9990,Agung Network,AGNG
9996,Mind Smart Chain Mainnet,MIND
9997,AltLayer Testnet,alt-testnet
9998,Ztc Mainnet,ZTC
9999,myOwn Testnet,myn
10024,Gon Chain,gon
10081,Japan Open Chain Testnet,joct
10086,SJATSH,SJ
10096,MetaNova Verse,mnv
10101,Blockchain Genesis Mainnet,GEN
10200,Gnosis Chiado Testnet,chi
10201,MaxxChain Mainnet,PWR
10222,GLScan,glc
10242,Arthera Mainnet,aa
10243,Arthera Testnet,aat
10248,0XTade,0xt
10321,TAO EVM Mainnet,TAOm
10324,TAO EVM Testnet,TAOt
10395,WorldLand Testnet,TWLC
10507,Numbers Mainnet,Jade
10508,Numbers Testnet,Snow
10823,CryptoCoinPay,CCP
10849,Lamina1,lamina1
10850,Lamina1 Identity,lamina1id
10946,Quadrans Blockchain,quadrans
10947,Quadrans Blockchain Testnet,quadranstestnet
11011,Shape Sepolia Testnet,shapesep
11110,Astra,astra
11111,WAGMI,WAGMI
11115,Astra Testnet,astra-testnet
11119,HashBit Mainnet,hbit
11124,Abstract Testnet,Abstract
11221,Shine Chain,SC20
11227,Jiritsu Testnet Subnet,jiritsutes
11235,Haqq Network,ISLM
11437,Shyft Testnet,shyftt
11501,BEVM Mainnet,bevm
11503,BEVM Testnet,bevm-test
11521,SatsChain,satschain
11612,Sardis Testnet,SRDXt
11822,Artela Testnet,Artela
11891,Polygon Supernet Arianee,Arianee
12001,Fuse Testnet,fuseZK
12009,SatoshiChain Mainnet,sats
12020,Aternos,ATR
12051,Singularity ZERO Testnet,tZERO
12052,Singularity ZERO Mainnet,ZERO
12123,BRC Chain Mainnet,BRC
12306,Fibonacci Mainnet,fibo
12321,BLG Testnet,blgchain
12324,L3X Protocol,l3x
12325,L3X Protocol Testnet,l3x-testnet
12345,Step Testnet,steptest
12553,RSS3 VSL Mainnet,rss3
12715,Rikeza Network Testnet,tRIK
12781,Playdapp Testnet,PDA-TESTNET
12890,Quantum Chain Testnet,tqnet
12898,PlayFair Testnet Subnet,playfair
13000,SPS,SPS
13308,Credit Smart Chain,Credit
13337,Beam Testnet,beam-testnet
13381,Phoenix Mainnet,Phoenix
13396,Masa,masa
13473,Immutable zkEVM Testnet,imx-testnet
13505,Gravity Alpha Testnet Sepolia,gravitysep
13600,Kronobit Mainnet,KNB
13812,Susono,sus
14000,SPS Testnet,SPS-Test
14324,EVOLVE Testnet,evo
14333,Vitruveo Testnet,vitruveo-test
14801,Vana Satori Testnet,satori
14853,Humanode Testnet 5 Israfel,hmnd-t5
15003,Immutable zkEVM Devnet,imx-devnet
15257,Poodl Testnet,poodlt
15259,Poodl Mainnet,poodle
15430,KYMTC Mainnet,KYMTC
15555,Trust EVM Testnet,TrustTestnet
15557,EOS EVM Network Testnet,eos-testnet
16000,MetaDot Mainnet,mtt
16001,MetaDot Testnet,mtttest
16116,DeFiVerse Mainnet,DFV
16180,PLYR PHI,plyr-phi
16350,Incentiv Devnet,tIncentiv
16481,Pivotal Sepolia,pivotal-sepolia
16600,0G-Newton-Testnet,0gai-testnet
16688,IRIShub Testnet,nyancat
16718,AirDAO Mainnet,airdao
16888,IVAR Chain Testnet,tivar
17000,Holesky,holesky
17069,Garnet Holesky,garnet
17071,Onchain Points,pop
17117,DeFiVerse Testnet,DFV-testnet
17171,G8Chain Mainnet,G8Cm
17172,Eclipse Subnet,eclipse
17180,Palette Chain Testnet,PCT
17217,KONET Mainnet,KONET
18000,Frontier of Dreams Testnet,ZKST
18122,Smart Trade Networks,STN
18159,Proof Of Memes,pom
18181,G8Chain Testnet,G8Ct
18233,unreal,unreal
18686,MXC zkEVM Moonchain,MXCzkEVM
18888,Titan (TKX),titan_tkx
18889,Titan (TKX) Testnet,titan_tkx-testnet
19011,HOME Verse Mainnet,HMV
19077,BlockX Atlantis Testnet,tbcx
19191,BlockX Mainnet,bcx
19224,Decentraconnect Social,DCSMs
19527,Magnet Network,mgt
19600,LBRY Mainnet,LBRY
19845,BTCIX Network,btcix
20001,Camelark Mainnet,Camelark
20041,Niza Chain Mainnet,niza
20073,Niza Chain Testnet,niza_testnet
20729,Callisto Testnet,CLOTestnet
20736,P12 Chain,p12
20765,Jono11 Subnet,jono11
21004,C4EI,c4ei
21133,All About Healthy,aah
21223,DCpay Mainnet,DCPm
21224,DCpay Testnet,DCPt
21337,CENNZnet Azalea,cennz-a
21816,omChain Mainnet,omc
21912,BSL Mainnet,onf
22023,Taycan,SFL
22040,AirDAO Testnet,airdao-test
22222,Nautilus Mainnet,NAUTCHAIN
22324,GoldXChain Testnet,goldx-testnet
22776,MAP Protocol,mapo
23006,Antofy Testnet,ABNt
23118,Opside Testnet,opside
23294,Oasis Sapphire,sapphire
23295,Oasis Sapphire Testnet,sapphire-testnet
23451,DreyerX Mainnet,dreyerx
23452,DreyerX Testnet,dreyerx-testnet
24076,KYMTC Testnet,tKYMTC
24484,Webchain,web
24734,MintMe.com Coin,mintme
25186,LiquidLayer Mainnet,LILA
25839,AlveyChain Testnet,talv
25888,Hammer Chain Mainnet,GOLDT
25925,Bitkub Chain Testnet,bkct
26026,Ferrum Testnet,frm
26600,Hertz Network Mainnet,HTZ
26863,OasisChain Mainnet,OAC
27181,KLAOS Nova,klaosnova
27483,Nanon Sepolia,Nanon-Testnet
27827,zeroone Mainnet Subnet,zeroonemai
28516,Vizing Testnet,Vizing-Testnet
28518,Vizing Mainnet,Vizing
28528,Optimism Bedrock (Goerli Alpha Testnet),obgor
28882,Boba Sepolia,BobaSepolia
29112,HYCHAIN Testnet,hychain-testnet
29223,Nexa MetaNet,nexameta
29536,KaiChain Testnet,tkec
29548,MCH Verse Mainnet,MCHV
30067,Piece testnet,Piece
30088,MiYou Mainnet,MiYou
30103,Cerium Testnet,ceri
30730,Movement EVM Legacy,moveleg
30731,Movement EVM Devnet,movedev
30732,Movement EVM Testnet,movetest
31102,Ethersocial Network,esn
31223,CloudTx Mainnet,CLDTX
31224,CloudTx Testnet,CLD
31337,GoChain Testnet,got
31414,Evoke Testnet,tmthn
31753,Xchain Mainnet,INTD
31754,Xchain Testnet,tINTD
32001,W3Gamez Holesky Testnet,w3gamez
32382,Santiment Intelligence Network,SANR
32990,Zilliqa EVM Isolated Server,zil-isolated-server
33033,Entangle Mainnet,ngl
33101,Zilliqa EVM Testnet,zil-testnet
33103,Zilliqa 2 EVM proto-testnet,zq2-proto-testnet
33111,Curtis,curtis
33133,Entangle Testnet,tngl
33210,Cloudverse Subnet,cloudverse
33333,Aves Mainnet,avs
33385,Zilliqa EVM Devnet,zil-devnet
33401,SlingShot,slingshot
33469,Zilliqa-2 EVM Devnet,zq2-devnet
33979,Funki,funki
34443,Mode,mode
34504,ZEUS Mainnet,ZEUS
35011,J2O Taro,j2o
35441,Q Mainnet,q
35443,Q Testnet,q-testnet
38400,ConnectorManager,cmrpg
38401,ConnectorManager Robin,ttrpg
39656,PRM Mainnet,prm
39797,Energi Mainnet,nrg
39815,OHO Mainnet,oho
41455,Aleph Zero EVM,aleph-zero
41500,Opulent-X BETA,ox-beta
42069,pegglecoin,PC
42072,AgentLayer Testnet,agent
42261,Oasis Emerald Testnet,emerald-testnet
42355,GoldXChain Mainnet,goldx
42421,AssetChain Testnet,rwa
42766,ZKFair Mainnet,ZKFair-Mainnet
42801,Gesoten Verse Testnet,GST
42888,Kinto Testnet,keth
43110,Athereum,avaeth
43111,Hemi Network,hemi
43113,Avalanche Fuji Testnet,Fuji
43851,ZKFair Testnet,ZKFair-Testnet
44444,Frenchain,FREN
44445,Quantum Network,QTM
44787,Celo Alfajores Testnet,ALFA
45000,Autobahn Network,AutobahnNetwork
45454,Swamps L2,SWP
45510,Deelance Mainnet,dee
45513,Blessnet,bless
46688,Fusion Testnet,tfsn
47763,Neo X Mainnet,neox-mainnet
47803,ReDeFi Layer 1,bax
48795,Space Subnet Testnet,spacetestnet
48899,Zircuit Testnet,zircuit-testnet
48900,Zircuit Mainnet,zircuit-mainnet
49049,Wireshape Floripa Testnet,floripa
49088,Bifrost Testnet,tbfc
49321,GUNZ Testnet,Stork
49797,Energi Testnet,tnrg
50001,Liveplex OracleEVM,LOE
50005,Yooldo Verse Mainnet,YVM
50006,Yooldo Verse Testnet,YVT
50021,GTON Testnet,tgton
51178,Lumoz Testnet Alpha,Lumoz-Testnet
51712,Sardis Mainnet,SRDXm
52014,Electroneum Mainnet,etn-mainnet
53277,DOID,DOID
53302,Superseed Sepolia Testnet,seedsep
53457,DODOchain testnet,dodochain
53935,DFK Chain,DFK
54211,Haqq Chain Testnet,ISLMT
54321,Toronet Testnet,ToronetTestnet
55004,Titan,teth
55551,Photon Aurora Testnet,pton
55556,REI Chain Testnet,trei
55614,Flamma Mainnet,FlammaMainnet
56026,Lambda Chain Mainnet,lambda
56400,Testnet Zeroone Subnet,testnetzer
56789,VELO Labs Mainnet,VELO
56797,DOID Testnet,doidTestnet
57000,Rollux Testnet,tsys-rollux
57451,COINSEC Network,coinsecnetwork
58008,Sepolia PGN (Public Goods Network),sepPGN
59140,Linea Goerli,linea-goerli
59141,Linea Sepolia,linea-sepolia
59902,Metis Sepolia Testnet,metis-sepolia
59971,Genesys Code Mainnet,gcode
60000,Thinkium Testnet Chain 0,TKM-test0
60001,Thinkium Testnet Chain 1,TKM-test1
60002,Thinkium Testnet Chain 2,TKM-test2
60103,Thinkium Testnet Chain 103,TKM-test103
61022,Orange Chain Mainnet,Orange-Chain-Mainnet
61406,KaiChain,kec
61800,AxelChain Dev-Net,aium-dev
61803,Etica Mainnet,Etica
61916,DoKEN Super Chain Mainnet,DoKEN
62049,OPTOPIA Testnet,OPTOPIA-Testnet
62050,Optopia Mainnet,Optopia
62298,Citrea Devnet,citrea-devnet
62320,Celo Baklava Testnet,BKLV
62621,MultiVAC Mainnet,mtv
62831,PLYR TAU Testnet,plyr-tau-testnet
62850,LAOS Sigma Testnet,laossigma
63000,eCredits Mainnet,ecs
63001,eCredits Testnet,ecs-testnet
65349,CratD2C Testnet,cratd2c-testnet
65357,Vecno Mainnet,ve
65450,Scolcoin Mainnet,SRC
65536,Automata Mainnet,automatamainnet
66988,Janus Testnet,janusnetwork-testnet
67588,Cosmic Chain,Cosmic
68770,DM2 Verse Mainnet,dm2
69420,Condrieu,cndr
70000,Thinkium Mainnet Chain 0,TKM0
70001,Thinkium Mainnet Chain 1,TKM1
70002,Thinkium Mainnet Chain 2,TKM2
70103,Thinkium Mainnet Chain 103,TKM103
70700,Proof of Play - Apex,pop-apex
71111,GuapcoinX,GuapX
71393,Polyjuice Testnet,ckb
71401,Godwoken Testnet v1,gw-testnet-v1
72778,CAGA crypto Ankara testnet,caga
72992,Grok Chain Mainnet,GrokChain
73114,ICB Testnet,ICBT
73115,ICB Network,ICBX
73799,Energy Web Volta Testnet,vt
73927,Mixin Virtual Machine,mvm
75000,ResinCoin Mainnet,resin
75512,GEEK Verse Mainnet,GEEK
75513,GEEK Verse Testnet,GEEK_Test
77001,BORAchain mainnet,BORAchain
77238,Foundry Chain Testnet,fnc
77612,Vention Smart Chain Mainnet,vscm
77677,Cycle Network Mainnet Sailboat,cycles
77777,Toronet Mainnet,Toronet
78110,Firenze test network,firenze
78281,Dragonfly Mainnet (Hexapod),dfly
78430,Amplify Subnet,amplify
78431,Bulletin Subnet,bulletin
78432,Conduit Subnet,conduit
78600,Vanguard,vanguard
79879,Gold Smart Chain Testnet,STANDt
80001,Mumbai,maticmum
80002,Amoy,polygonamoy
80008,Polynomia Sepolia,polynomialSepolia
80084,Berachain bArtio,berachainbArtio
80085,Berachain Artio,berachainArtio
80096,Hizoco mainnet,hzc
81041,Nordek Mainnet,nordek
81341,Amana Testnet,amanatest
81342,Amana Mixnet,amanamix
81343,Amana Privnet,amanapriv
81351,Flana Testnet,flanatest
81352,Flana Mixnet,flanamix
81353,Flana Privnet,flanapriv
81361,Mizana Testnet,mizanatest
81362,Mizana Mixnet,mizanamix
81363,Mizana Privnet,mizanapriv
81720,Quantum Chain Mainnet,qnet
82459,Smart Layer Network Testnet,tSLN
83144,Xprotocol Testnet,xprotocoltestnet
83872,ZEDXION,ZEDX
84531,Base Goerli Testnet,basegor
84532,Base Sepolia Testnet,basesep
84886,Aerie Network,Aerie
85449,CYBERTRUST,Cyber
88002,Nautilus Proteus Testnet,NAUTTest
88559,InoAi,INO
88800,ZKasino Mainnet,ZKasino
88817,Unit Zero Testnet,unit0-testnet
88819,Unit Zero Stagenet,unit0-stagenet
88882,Chiliz Spicy Testnet,chzspicy
90001,F(x)Core Testnet Network,dhobyghaut
90210,Beverly Hills,bvhl
90354,Camp Testnet,camp
91002,Nautilus Trition Chain,NAUT
91120,MetaDAP Enterprise Mainnet,MetaDAP
91715,Combo Testnet,combo-testnet
92001,Lambda Testnet,lambda-testnet
93572,LiquidLayer Testnet,tLILA
93747,StratoVM Testnet,stratovm
96970,Mantis Testnet (Hexapod),mantis
97435,SlingShot Testnet,sling
97531,Green Chain Testnet,greenchain
97970,OptimusZ7 Testnet,OZ7t
98881,Ebi Chain,ebi
99099,eLiberty Testnet,ELt
99876,EdgaMatrix Chain Testnet,EMCTestnet
99998,UB Smart Chain(testnet),usctest
99999,UB Smart Chain,usc
100000,QuarkChain Mainnet Root,qkc-r
100001,QuarkChain Mainnet Shard 0,qkc-s0
100002,QuarkChain Mainnet Shard 1,qkc-s1
100003,QuarkChain Mainnet Shard 2,qkc-s2
100004,QuarkChain Mainnet Shard 3,qkc-s3
100005,QuarkChain Mainnet Shard 4,qkc-s4
100006,QuarkChain Mainnet Shard 5,qkc-s5
100007,QuarkChain Mainnet Shard 6,qkc-s6
100008,QuarkChain Mainnet Shard 7,qkc-s7
100009,VeChain,vechain
100010,VeChain Testnet,vechain-testnet
100011,QuarkChain L2 Mainnet,qkc-l2
101010,Global Trust Network,stabilityprotocol
102031,Creditcoin Testnet,ctctest
103090,Crystaleum,CRFI
103454,Masa Testnet,masatest
104566,KaspaClassic Mainnet,cas
105105,Stratis Mainnet,stratis
108801,BROChain Mainnet,bro
110000,QuarkChain Devnet Root,qkc-d-r
110001,QuarkChain Devnet Shard 0,qkc-d-s0
110002,QuarkChain Devnet Shard 1,qkc-d-s1
110003,QuarkChain Devnet Shard 2,qkc-d-s2
110004,QuarkChain Devnet Shard 3,qkc-d-s3
110005,QuarkChain Devnet Shard 4,qkc-d-s4
110006,QuarkChain Devnet Shard 5,qkc-d-s5
110007,QuarkChain Devnet Shard 6,qkc-d-s6
110008,QuarkChain Devnet Shard 7,qkc-d-s7
110011,QuarkChain L2 Testnet,qkc-l2-t
110110,Mars Credit,mars
111000,Siberium Test Network,testsbr
111111,Siberium Network,sbr
111188,re.al,re-al
112358,Metachain One Mainnet,metao
119139,MetaDAP Enterprise Testnet,MetaDAP-T
123321,Gemchain,gemchain
123456,ADIL Devnet,dadil
128123,Etherlink Testnet,etlt
131313,Odyssey Chain (Testnet),DIONE
131419,ETND Chain Mainnets,ETND
132902,Form Testnet,formtestnet
141319,MagApe Testnet,mag
142857,ICPlaza Mainnet,ICPlaza
161212,PlayFi Mainnet,playfi
165279,Eclat Mainnet,ECLAT
167008,Taiko Katla L2,tko-katla
167009,Taiko Hekla L2,tko-hekla
175177,Chronicle - Lit Protocol Testnet,lpc
175188,Chronicle Yellowstone - Lit Protocol Testnet,lpy
188710,Bitica Chain Mainnet,bdcc
188881,Condor Test Network,condor
192940,Mind Network Testnet,fhet
199991,MAZZE Testnet,MAZZE
200000,xFair.AI Testnet,fait
200101,Milkomeda C1 Testnet,milkTAda
200202,Milkomeda A1 Testnet,milkTAlgo
200625,Akroma,aka
200810,Bitlayer Testnet,btrt
201018,Alaya Mainnet,alaya
201030,Alaya Dev Testnet,alayadev
201804,Mythical Chain,myth
202020,Decimal Smart Chain Testnet,tDSC
202212,X1 Devnet,x1-devnet
202401,YMTECH-BESU Testnet,YMTECH-BESU
202624,Jellie,twl-jellie
204005,X1 Network,x1-testnet
205205,Auroria Testnet,auroria
210049,GitAGI Atlas Testnet,atlas
210425,PlatON Mainnet,platon
220315,Mas Mainnet,mas
221230,Reapchain Mainnet,reap
221231,Reapchain Testnet,reap-testnet
222222,HydraDX,hdx
222555,DeepL Mainnet,deepl
222666,DeepL Testnet,tdeepl
224168,Taf ECO Chain Mainnet,TAFECO
224422,CONET Sebolia Testnet,conet-sebolia
224433,CONET Holesky,conet-holesky
229772,Abyss Protocol,abyss
230315,HashKey Chain Testnet(discard),hsktest
234666,Haymo Testnet,hym
240515,Orange Chain Testnet,Orange-Chain-Testnet
246529,ARTIS sigma1,ats
246785,ARTIS Testnet tau1,atstau
247253,Saakuru Testnet,saakuru-testnet
256256,CMP-Mainnet,cmp-mainnet
262371,Eclat Testnet,tECLAT
266256,Gear Zero Network Testnet,gz-testnet
271271,EgonCoin Testnet,EGONt
281121,Social Smart Chain Mainnet,SoChain
282828,Zillion Sepolia Testnet,zillsep
292003,Cipherem Testnet,CIP
309075,One World Chain Mainnet,OWCTm
313313,SaharaAI Testnet,saharatest
314159,Filecoin - Calibration testnet,filecoin-calibration
322202,Parex Mainnet,parex
323213,Bloom Genesis Testnet,BGBC-Testnet
327126,WABA Chain Testnet,waba
328527,Nal Mainnet,nal
330844,TTcoin Smart Chain Mainnet,tc
333313,Bloom Genesis Mainnet,BGBC
333331,Aves Testnet,avst
333333,Nativ3 Testnet,N3-Test
333666,Oone Chain Testnet,oonetest
333777,Oone Chain Devnet,oonedev
333888,Polis Testnet,sparta
333999,Polis Mainnet,olympus
336655,UPchain Testnet,UPchain-testnet
336666,UPchain Mainnet,UPchain-mainnet
355110,Bitfinity Network Mainnet,bitfinity-mainnet
355113,Bitfinity Network Testnet,bitfinity-testnet
360890,LAVITA Mainnet,lavita-mainnet
363636,Digit Soul Smart Chain 2,DS2
373737,HAPchain Testnet,hap-testnet
381931,Metal C-Chain,metal
381932,Metal Tahoe C-Chain,Tahoe
404040,Tipboxcoin Mainnet,TPBXm
413413,AIE Testnet,aie
420420,Kekchain,KEK
420666,Kekchain (kektest),tKEK
420692,Alterium L2 Testnet,alterium
421611,Arbitrum Rinkeby,arb-rinkeby
421613,Arbitrum Goerli,arb-goerli
421614,Arbitrum Sepolia,arb-sep
424242,Fastex Chain testnet,fastexTestnet
431140,Markr Go,markr-go
432201,Dexalot Subnet Testnet,dexalot-testnet
432204,Dexalot Subnet,dexalot
444444,Syndr L3 Sepolia,syndr
444900,Weelink Testnet,wlkt
471100,Patex Sepolia Testnet,psep
473861,Ultra Pro Mainnet,ultrapro
474142,OpenChain Mainnet,oc
486487,Gobbl Testnet,gbl-testnet
490000,Autonomys Testnet Nova Domain,ATN
504441,Playdapp Network,PDA
512512,CMP-Testnet,cmp
513100,DisChain,dis
526916,DoCoin Community Chain,DoCoin
534351,Scroll Sepolia Testnet,scr-sepolia
534352,Scroll,scrl
534849,Shinarium Beta,shi
535037,BeanEco SmartChain,BESC
552981,One World Chain Testnet,OWCTt
555555,Pentagon Testnet,pentagon-testnet
555666,Eclipse Testnet,eclipset
622277,Hypra Mainnet,hyp
622463,Atlas,atlas-testnet
641230,Bear Network Chain Mainnet,BRNKC
651940,ALL Mainnet,ALL
656476,Open Campus Codex,open-campus-codex
660279,Xai Mainnet,xai
666666,Vision - Vpioneer Test Chain,vpioneer
666888,Hela Official Runtime Testnet,hela-testnet
686868,Won Network,WonChain
696969,Galadriel Devnet,galadriel-devnet
710420,Tiltyard Mainnet Subnet,tiltyardmainnet
713715,Sei Devnet,sei-devnet
721529,ERAM Mainnet,ERAM
743111,Hemi Sepolia,hemi-sep
751230,Bear Network Chain Testnet,BRNKCTEST
752024,Ternoa Testnet,ternoa
761412,Miexs Smartchain,Miexs
764984,Lamina1 Testnet,lamina1test
767368,Lamina1 Identity Testnet,lamina1idtest
776877,Modularium,mdlrm
800001,OctaSpace,octa
808080,BIZ Smart Chain Testnet,bizt-testnet
808813,BOB Sepolia,bob-sepolia
810180,zkLink Nova Mainnet,zklink-nova
810181,zkLink Nova Sepolia Testnet,zklink-nova-sepolia
810182,zkLink Nova Goerli Testnet,zklink-nova-goerli
820522,TSC Testnet,tTSC
827431,CURVE Mainnet,CURVEm
839320,PRM Testnet,prmtest
840000,RUNEVM Testnet,runevm-test
846000,4GoodNetwork,bloqs4good
855456,Dodao,dodao
879151,BlocX Mainnet,blx
888882,REXX Mainnet,REXX
900000,Posichain Mainnet Shard 0,psc-s0
910000,Posichain Testnet Shard 0,psc-t-s0
912559,Astria EVM Dusknet,ria-dev
920000,Posichain Devnet Shard 0,psc-d-s0
920001,Posichain Devnet Shard 1,psc-d-s1
923018,FNCY Testnet,tFNCY
955081,Jono12 Subnet,jono12
955305,Eluvio Content Fabric,elv
978657,Treasure Ruby,treasure-ruby
984122,Forma,forma
984123,Forma Sketchpad,sketchpad
988207,Ecrox Chain Mainnet,ecrox
998899,Supernet Testnet,supernetchain
999999,AmChain,AMC
1100789,Netmind Chain Testnet,nmtTest
1127469,Tiltyard Subnet,tiltyard
1234567,Sharecle Mainnet,shr
1261120,zKatana,azktn
1313114,Etho Protocol,etho
1313500,Xerom,xero
1337702,Kintsugi,kintsugi
1337802,Kiln,kiln
1337803,Zhejiang,zhejiang
1398243,Automata Testnet,automatatest
1612127,PlayFi Albireo Testnet,alberio
1637450,Xterio Testnet,xteriotest
1731313,Turkey Demo Dev,TDD
2021398,DeBank Testnet,dbk
2099156,Plian Mainnet Main,plian-mainnet
2206132,PlatON Dev Testnet2,platondev2
2611555,DPU Chain,DPU
2702128,Xterio Chain,xterio
3132023,SaharaAI Network,sahara
3141592,Filecoin - Butterfly testnet,filecoin-butterfly
3397901,Funki Sepolia Sandbox,funkisepolia
3441005,Manta Pacific Testnet,mantaTestnet
3441006,Manta Pacific Sepolia Testnet,mantaSepoliaTestnet
4000003,AltLayer Zero Gas Network,alt-zerogas
4281033,Worlds Caldera,worldscal
4444444,Altar Testnet,altarTestnet
4457845,ZERO Testnet (Sepolia),zero-sepolia
5112023,NumBlock Chain,NUMB
5167003,MXC Wannsee zkEVM Testnet,MXCdiscontinued
5167004,Moonchain Geneva Testnet,MXC
5201420,Electroneum Testnet,etn-testnet
5318008,Reactive Kopli,kreact
5555555,Imversed Mainnet,imversed
5555558,Imversed Testnet,imversed-testnet
6038361,Astar zKyoto,azkyt
6666665,Safe(AnWang) Mainnet,SafeMainnet
6666666,Safe(AnWang) Testnet,SafeTestnet
7355310,OpenVessel,vsl
7668378,QL1 Testnet,tqom
7762959,Musicoin,music
8007736,Plian Mainnet Subchain 1,plian-mainnet-l2
8008135,Fhenix Helium,fhe-helium
8080808,Hokum,hokum
8601152,Waterfall 8 Test Network,waterfall
8794598,HAPchain,hap
8888881,Quarix Testnet,quarix-testnet
8888888,Quarix,quarix
9322252,XCAP,xcap
9322253,Milvine,milv
10067275,Plian Testnet Subchain 1,plian-testnet-l2
10101010,Soverun Mainnet,SVRNm
10241024,AlienX Mainnet,AlienX
10241025,ALIENX Hal Testnet,ALIENXHal
11145513,Blessnet Sepolia,bless-sepolia
11155111,Sepolia,sep
11155420,OP Sepolia Testnet,opsep
12052024,Memento Testnet,memento-test
12227332,NeoX Testnet T4,neox-t4
13068200,COTI Devnet,coti-devnet
13371337,PepChain Churchill,tpep
14288640,Anduschain Mainnet,anduschain-mainnet
16658437,Plian Testnet Main,plian-testnet
17000920,Lambda Chain Testnet,tlambda
18071918,Mande Network Mainnet,Mande
18289463,IOLite,ilt
19850818,DeepBrainChain Testnet,tDBC
19880818,DeepBrainChain Mainnet,DBC
20180427,Stability Testnet,stabilitytestnet
20180430,SmartMesh Mainnet,spectrum
20181205,quarkblockchain,qki
20201022,Pego Network,pg
20230825,Vcity Testnet,Vcity
20240324,DeBank Sepolia Testnet,dbkse
20240603,DBK Chain,dbkchain
20241133,Swan Proxima Testnet,Proxima
20482050,Hokum Testnet,hokum-testnet
22052002,Excelon Mainnet,xlon
27082017,Excoincial Chain Volta-Testnet,exlvolta
27082022,Excoincial Chain Mainnet,exl
28122024,Ancient8 Testnet,a8
28945486,Auxilium Network Mainnet,auxi
29032022,Flachain Mainnet,fla
31415926,Filecoin - Local testnet,filecoin-local
35855456,Joys Digital Mainnet,JOYS
37084624,SKALE Nebula Hub Testnet,nebula-testnet
39916801,Kingdom Chain,kchain
43214913,maistestsubnet,mais
61717561,Aquachain,aqua
65010003,Autonity Bakerloo (Yamuna) Testnet,bakerloo-03
65100003,Autonity Piccadilly (Yamuna) Testnet,piccadilly-03
68840142,Frame Testnet,frametest
77787778,0xHash Testnet,HETH
79479957,SX Toronto Rollup,SXR-Testnet
88558801,Backstop Testnet,backstop-testnet
88888888,T.E.A.M Blockchain,team
94204209,Polygon Blackberry,polygon-blackberry
99415706,Joys Digital TestNet,TOYS
108160679,Oraichain Mainnet,Oraichain
111557560,Cyber Testnet,cysep
123420111,OP Celestia Raspberry,opcelestia-raspberry
161221135,Plume Testnet,plume-testnet
168587773,Blast Sepolia Testnet,blastsepolia
192837465,Gather Mainnet Network,GTH
222000222,Kanazawa,kanazawa
245022926,Neon EVM Devnet,neonevm-devnet
245022929,Neon EVM Devnet Rollup,neonevm-devnet-rollup
278611351,Razor Skale Chain,razor
311752642,OneLedger Mainnet,oneledger
328527624,Nal Sepolia Testnet,nalsep
333000333,Meld,meld
356256156,Gather Testnet Network,tGTH
476462898,Skopje Testnet,Skopje
486217935,Gather Devnet Network,dGTH
666666666,Degen Chain,degen-chain
888888888,Ancient8,ancient8
889910245,PTCESCAN Testnet,PTCE
889910246,PTCESCAN Mainnet,POLYTECH
974399131,SKALE Calypso Hub Testnet,calypso-testnet
999999999,Zora Sepolia Testnet,zsep
1020352220,SKALE Titan Hub Testnet,titan-testnet
1122334455,IPOS Network,ipos
1146703430,CyberdeckNet,cyb
1273227453,HUMAN Protocol,human-mainnet
1313161555,Aurora Testnet,aurora-testnet
1313161556,Aurora Betanet,aurora-betanet
1313161560,PowerGold,powergold
1350216234,SKALE Titan Hub,titan-mainnet
1351057110,Chaos (SKALE Testnet),chaos-tenet
1380996178,RaptorChain,rptr
1444673419,SKALE Europa Hub Testnet,europa-testnet
1482601649,SKALE Nebula Hub,nebula-mainnet
1511670449,GPT Mainnet,GPT
1564830818,SKALE Calypso Hub,calypso-mainnet
1666600001,Harmony Mainnet Shard 1,hmy-s1
1666700000,Harmony Testnet Shard 0,hmy-b-s0
1666700001,Harmony Testnet Shard 1,hmy-b-s1
1666900000,Harmony Devnet Shard 0,hmy-ps-s0
1666900001,Harmony Devnet Shard 1,hmy-ps-s1
1802203764,Kakarot Sepolia,kkrt-sepolia
1903648807,Gemuchain Testnet,Gemuchain
1918988905,RARI Chain Testnet,rari-testnet
2021121117,DataHopper,hop
2046399126,SKALE Europa Hub,europa
3125659152,Pirl,pirl
4216137055,OneLedger Testnet Frankenstein,frankenstein
11297108099,Palm Testnet,tpalm
28872323069,GitSwarm Test Network,GS-ETH
37714555429,Xai Testnet v2,xaitestnet
88153591557,Arbitrum Blueberry,arb-blueberry
107107114116,Kakarot Sepolia Deprecated,kkrt-sepolia-deprecated
111222333444,Alphabet Mainnet,alphabet
123420000220,Fluence Stage,fluence-stage
197710212030,Ntity Mainnet,ntt
197710212031,Haradev Testnet,ntt-haradev
202402181627,GM Network Testnet,gmnetwork-testnet
383414847825,Zeniq,zeniq
666301171999,PDC Mainnet,ipdc
6022140761023,Molereum Network,mole
2713017997578000,DCHAIN Testnet,dchaint
2716446429837000,DCHAIN,dchainmainnet
3109,SatoshiVM,svm
10001,ETHW-mainnet,ethw
5151706,Loot Mainnet,loot
1380012617,RARI Chain,rari
2020,Ronin,ron
